review_id,review,local_guide_reviews,rating_score,service,meal_type,price_per_person_category,food_score,service_score,atmosphere_score,recommendations_list,date,avg_price_per_person
0,"Espectacular!!! Probablemente uno de los restaurantes con mejor cocina de Zaragoza y a un precio mucho m√°s que razonable. Probamos muchos platos (tomate en 4 texturas, carpaccio de presa, canel√≥n de carne rustida, ravioli de setas, brandada de bacalao...) y todos estaban impresionantes. Nos encantaron tambi√©n la sobrasada con miel casera y fritada de verduras de Arag√≥n y la tarta de manzana del rev√©s, super original. No dej√©is de probarlas! Despista el nombre de cervecer√≠a, porque realmente aqu√≠ hay cocina. Ambiente muy acogedor y con buena m√∫sica de fondo. Volveremos seguro! Gracias por hacernos disfrutar tanto :-)",35,5,,,30-40 ‚Ç¨,5.0,5.0,5.0,[''],2024-07-01,40
1,"La comida es excepcional! Las migas, las croquetas, los langostinos en tempura, la panceta y los postres. Merece la pena probarlo!! El restaurante es muy sencillo en cuanto a decoraci√≥n. Pero lo suplen con la comida tan rica que sirven. Repetiremos y recomendamos!!",28,5,,,,5.0,4.0,4.0,[''],2024-07-01,
2,"Cenamos en familia y fue una experiencia gastron√≥mica sublime, enhorabuena por el gran trabajo que conlleva la creatividad junto con el gusto exquisito que deleita al paladar.
Trato educadisimo, no puedo decantarme por ning√∫n plato, todos mis favoritos.Hay que dejar sitio para los postres porque son una sorpresa. 10/10.",3,5,,,20-30 ‚Ç¨,5.0,5.0,5.0,"['Brandada de Bacalao', 'Cremoso de Chocolate Blanco', 'Langostinos Crujientes', 'Tarta de Manzana Al Rev√©s Con Helado de Canela', 'Croquetas de Jam√≥n Y Gallina', 'Bandada de Bacalao Asadillo de Verduras Romesco Y Ajo Negro', 'Burrata Con Tomate Con Salmorejo', 'Carpaccio de Presa Iberica', 'Panceta Asada Mojo Rojo Y Chimichurri Casero Picante', 'Flan de Queso', 'Tartar de Tomate', 'Ravioli de Setas']",2024-08-01,30
3,"Espacio confortable a√∫n estando en la barra japonesa. Todo muy rico, croquetas de bacon, esp√°rrago, sobretodo el canel√≥n, y la tarta de manzana.

Por poner pegas, la raci√≥n de pan me parece escasa ya que la pagas, en cualquier caso detalle menor.

Repetiremos.",16,5,,,20-30 ‚Ç¨,5.0,5.0,5.0,['Tarta de Manzana Al Rev√©s Con Helado de Canela'],2024-05-01,30
4,"SIEMPRE DE 10!
Hemos venido varias veces y tanto la comida como la atenci√≥n son insuperables. Todos los platos est√°n espectaculares, pero los ravioli y la panceta son de otro planeta üòç. Repetiremos!",54,5,,,,5.0,5.0,5.0,"['Tarta de Manzana Al Rev√©s Con Helado de Canela', 'Panceta Asada Mojo Rojo Y Chimichurri Casero Picante', 'Ravioli de Setas']",2024-09-02,
5,"Fuimos recomendados por un amigo y fue todo un acierto.
La atenci√≥n desde que entramos fue espectacular, ambas camareras eran s√∫per amables y s√∫per atentas.
Probamos ambas croquetas y estaban buen√≠simas, el carpaccio es una raci√≥n generosa y muy sabrosa (combina espectacular con los kikos), el canel√≥n es una m a r a v i l l a!!, la panceta era muy tierna pero quiz√°s el chimichurri estaba muy alto en vinagre y se com√≠a mucho sabor. Tuvimos l suerte de encontrar fuera de carta un flan de queso, que est√° dentro de mis postres favoritos en toda zaragoza
Volveremos seguro
100% recomendable",158,5,,,30-40 ‚Ç¨,5.0,5.0,5.0,[''],2024-03-01,40
6,"Un sitio muy interesante para visitar. El servicio es espectacular las dos personas que te atienden en sala son encantadoras, y ya con eso te han ganado. Si a eso le unimos una comida s√∫per rica‚Ä¶que m√°s puedes pedir!!!!",103,5,,,20-30 ‚Ç¨,5.0,5.0,5.0,"['Cremoso de Chocolate Blanco', 'Burrata Con Tomate Con Salmorejo', 'Panceta Asada Mojo Rojo Y Chimichurri Casero Picante', 'Flan de Queso', 'Ravioli de Setas']",2024-04-01,30
7,"Sitio de nivel. La comida relaci√≥n calidad-precio muy alta, ambiente muy acogedor y la atenci√≥n inmejorable. Para repetir sin duda.
¬°Y no te puedes ir sin probar la panceta asada!",9,5,,,,5.0,5.0,5.0,['Panceta Asada Mojo Rojo Y Chimichurri Casero Picante'],2024-01-01,
8,"Fuimos de celebraci√≥n,el sitio es peque√±o, de ambiente tranquilo, el trato es excelente y la comida es abundante as√≠ que es un buen sitio para compartir platos.
Sin duda es para repertir estaba todo delicioso, pedimos carpaccio de presa ib√©rica, un canel√≥n que estaba fuera de carta, y obviamente el plato estrella la panceta, el postre un sorbete espectacular presentacion incluida
Nota! Hay que reservar con antelaci√≥n porque es peque√±o el sitio.",40,5,,,30-40 ‚Ç¨,5.0,5.0,5.0,[''],2024-03-01,40
9,"Es un sitio donde la comida es sencillamente de nivel. Comiendo bien, sales por unos 30-35‚Ç¨. La relaci√≥n calidad/precio es muy alta.
Le dar√≠a cinco estrellas, ya que tanto la comida como el servicio son de 10, pero hay un detalle y es que cobran el servicio de pan. Est√°n en su derecho de hacerlo, por supuesto, pero creo que es poco elegante en un sitio de calidad y adem√°s no lo advierten.

En resumen, totalmente recomendable!",64,4,,,,5.0,5.0,5.0,[''],2023-01-01,
10,"Absolutamente todos los platos que probamos estaban buenos! Recomiendo encarecidamente la panceta, se deshac√≠a en la boca, nada grasa y s√∫per sabrosa. Si quieres sorprenderte la crema de cebolla es tu plato. Volveremos a seguir probando platos. Raciones abundantes y el personal muy atento y amable.",231,5,,,20-30 ‚Ç¨,5.0,5.0,5.0,[''],2023-01-01,30
11,"Volvemos al 17punto10 y‚Ä¶ que gozada!!!

Un servicio muy bueno, en un local muy tranquilo para disfrutar de una carta genial, de las que te quedar√≠as una semana para acab√°rtela.

Que rico todo! Nunca me hab√≠a emocionado el carpaccio y con este flipamos mucho.

Genial para compartir platos, hasta 4 comensales, probar un poco de todo y salir muy contento.

Volveremos para seguir probando delicias.",69,5,,,,,,,[''],2023-01-01,
12,"El sitio est√° un poco escondido, dif√≠cil para aparcar pero la atenci√≥n recibida y los platos que pudimos probar fueron altamente satisfactorios. A destacar la crema de cebollas de fuentes, las croquetas. El local es amplio y por poner una pega, los postres eran un poco pesados y demasiado dulzones para nuestro gusto. En general, un restaurante con muy buenas maneras y buenos platos, cosa no f√°cil hoy en d√≠a",82,4,,,40-50 ‚Ç¨,4.0,4.0,3.0,[''],2023-11-01,50
13,"Empezamos con las croquetas de bacon ib√©rico, ¬°estaban de muerte! Muy cremosas

Las colas de langostino üç§ no fueron nuestro plato favorito, aunque estaban ricas. ‚Äç

Luego lleg√≥ el pulpo con oreja üêô (fuera de carta), ¬°nos encant√≥! Somos fans del pulpo y este estaba perfecto.

Y como no pod√≠a faltar, la panceta ü•ì, el plato estrella del lugar. ¬°Simplemente espectacular!

Para cerrar con broche de oro, la crema de lim√≥n con sorbete üçã, refrescante y deliciosa.
Sin duda, repetiremos seguro. ¬°Recomendable 100%!",78,5,,,30-40 ‚Ç¨,5.0,5.0,5.0,['Panceta Asada Mojo Rojo Y Chimichurri Casero Picante'],2024-02-01,40
14,"Bonito restaurante en el centro aunque a su vez apartado de otros. Platos con buena presentaci√≥n y buen sabor, aunque a mi gusto algunos con exceso de mayonesa o salsas similares. Recomendable, creo que volver√©.",227,4,,,20-30 ‚Ç¨,,,,"['Croquetas de Jam√≥n Y Gallina', 'Bandada de Bacalao Asadillo de Verduras Romesco Y Ajo Negro']",2023-01-01,30
15,"Platos muy elaborados, sabores espectaculares! Las croquetas, sublimes. Por supuesto, debes pedir la panceta!!!",311,5,,,40-50 ‚Ç¨,5.0,5.0,5.0,"['Langostinos Crujientes', 'Croquetas de Jam√≥n Y Gallina', 'Carpaccio de Presa Iberica', 'Panceta Asada Mojo Rojo Y Chimichurri Casero Picante', 'Carpaccio de Lomo de Vaca']",2024-04-01,50
16,"Un imprescindible en Zaragoza!
Excelente calidad en los platos. Cuidando mucho el detalle.

Probamos la sobrasada, la panceta y el ravioli que estaba todo riqu√≠simo! Sin desmerecer a las croquetas, que siempre son un √©xito! üòã

Pero el gran descubrimiento fue la oreja con pur√© de patata!! Estaba muy muy tierna y sabrosa!

La atenci√≥n es estupenda, las camareras son muy simp√°ticas y te aconsejan la cantidad a pedir.

S√∫per recomendable!!! üôåüôå",104,5,Com√≠ all√≠,Cena,20-30 ‚Ç¨,,,,"['Croquetas de Jam√≥n Y Gallina', 'Panceta Asada Mojo Rojo Y Chimichurri Casero Picante', 'Oreja A la Plancha Con Patatas Revolconas']",2023-01-01,30
17,"Fuimos en grupo a comer aprovechando el puente.
El local est√° algo alejado de la zona c√©ntrica de bares pero merece la pena acercarse dando un paseo.
La relaci√≥n calidad precio es muy buena.

Platos muy ricos, menci√≥n especial a las croquetas de jam√≥n y gallina (riqu√≠simas).",32,5,Com√≠ all√≠,Comida,20-30 ‚Ç¨,5.0,5.0,5.0,"['Croquetas de Jam√≥n Y Gallina', 'Burrata Con Tomate Con Salmorejo']",2023-01-01,30
18,"Atenci√≥n y comida maravillosa.
No sabr√≠a elegir qu√© me ha gustado m√°s, todo espectacular a un precio genial.
Muy sorprendente y recomendable el postre de fruta de la pasi√≥n!!
Como detalle, en el momento pedimos una vela para poner en el postre ya que era celebraci√≥n de cumplea√±os: trajeron un plato, con una vela en una nube de chuche y nata, y en el plato escrito felicidades. Un detalle que nos encant√≥ y dice mucho de ellos.",54,5,,,,,,,[''],2023-01-01,
19,"Espectacular comida, trato y ambiente. Servicio impecable, comida sabrosa e innovadora. Con especial rese√±a en la crema de cebolla de Las Fuentes, incre√≠ble.
Gran descubrimiento. Repetiremos fijo.",118,5,,,30-40 ‚Ç¨,5.0,5.0,4.0,"['Croquetas de Jam√≥n Y Gallina', 'Panceta Asada Mojo Rojo Y Chimichurri Casero Picante']",2023-10-01,40
20,"Una visita en este lugar! Entre la ensalada d√© burrata ( 15‚Ç¨) colas de langostino (15‚Ç¨) y un carpaccio tambi√©n sobre los (15‚Ç¨) un total de 45‚Ç¨ un poco exuberante sin contar las bebidas las croquetas y el postre.  para un resultado final sobre los 60 ‚Ç¨ entre dos personas, la atenci√≥n fue buena, imposible para aparcar.",39,3,,,,,,,[''],2023-01-01,
21,"Fuimos el fin de semana a Zaragoza y nos gustaron mucho las rese√±as de este sitio (spoiler: totalmente ciertas)

Llegamos pronto, pero no hab√≠amos reservado mesa. A pesar de todo nos hicieron un hueco ya que estaban completos y gracias a Dios... Porque menudo arroz cremoso con parmesano que tienen... Vayas a la hora que vayas el d√≠a que sea, elecci√≥n obligatoria!! Posiblemente haya sido el mejor arroz de este estilo que he probado. Lo acompa√±amos de un carpaccio y una croqueta de cada para dos personas, nos quedamos muy bien con esa cantidad. De postre compartimos la tartaleta de manzana y el flan de queso (fuera de carta)

Si que es verdad que esperaba algo m√°s de variedad en las cervezas, ya que en el cartel pone ""cervecer√≠a"" y solo hab√≠a dos opciones.

La amabilidad del personal tambi√©n resalta por encima de la media.",34,5,,,,,,,[''],2023-01-01,
22,"Uno de los mejores lugares de Zaragoza en relaci√≥n calidad-precio.

Cocina con mucho sabor y matices. Una carta muy variada y sugerencias fuera de carta fant√°sticas.

Decoraci√≥n moderna y servicio muy amable, siempre recomendable.",285,4,,Comida,30-40 ‚Ç¨,4.0,4.0,4.0,"['Burrata Con Tomate Con Salmorejo', 'Panceta Asada Mojo Rojo Y Chimichurri Casero Picante']",2023-01-01,40
23,"Un sitio muy agradable en el que probar comida de alta calidad y nuevos sabores.
Llam√© en el d√≠a para realizar la reserva, y dado que ten√≠an una gran cantidad de clientela, nos pudieron sentar en la barra, que est√° a la altura de una mesa normal y se pod√≠a comer confortablemente.
Las camareras, tuvieron un gran trato y fueron muy amables en todo momento.

Para comer, pedimos un foie, fuera de carta, acompa√±ado de unas tostadas, la √∫nica pega posible, la cantidad de mostaza que ven√≠a acompa√±ando el plato, que para nuestro gusto, le quitaba un poco el sabor.
El huevo poch√©,sin embargo, ten√≠a otro concepto al que est√°bamos acostumbrados y no nos convenci√≥ mucho.
Para finalizar, probamos el carpaccio de lomo, que estaba espectacular; y haciendo honor al sitio, no nos quedamos con las ganas de testar la panceta asada.
Como culmen, los postres, nos sorprendieron gratamente, ya que ten√≠an un estilo de alta cocina con el que sorprender todos tus sentidos, de obligado pedimento tanto La Crema de Fruta de la Pasi√≥n como El Cremoso de Chocolate Blanco.",11,5,Com√≠ all√≠,Cena,70-80 ‚Ç¨,,,,[''],2023-01-01,80
24,"Una maravilla de restaurante. Personal amabil√≠simo, comida siempre espectacular y precio muy competitivo. El local estaba lleno, pero sin agobiar. Pedimos croquetas, Ravioli de setas, un sashimi de at√∫n y esp√°rragos de Navarra con vichysoise que ten√≠an fuera de carta, pimienticos asados, sobrasada y panceta. Todo para compartir y todo riqu√≠simo.",31,5,Com√≠ all√≠,Comida,20-30 ‚Ç¨,5.0,5.0,5.0,[''],2023-01-01,30
25,"El pasado s√°bado descubrimos este estupendo restaurante,  una oferta muy variada de platos. Elegimos varios para compartir y estaban todos riqu√≠simos. Buen equilibrio entre la calidad y le precio. Atenci√≥n muy amable. Seguro que repetimos",21,5,,,20-30 ‚Ç¨,5.0,5.0,5.0,[''],2024-06-01,30
26,"De las mejores cenas de mi vida, sin rodeos, sitio al que hay que ir, muy recomendable reservar, todo exquisito, presentacion muy buena, camareros muy agradables y servicio muy r√°pido, el sitio es muy bonito tambi√©n. Pedimos los langostinos, buen√≠simos, el risotto, buen√≠simo y distinto, la menestra de setas fuera de carta, buen√≠sima y los raviolis, que fue lo √∫nico que no me convenci√≥, porque me gusta la pasta m√°s al dente, aunque eso es m√°s personal, a√∫n as√≠ todas las salsas de todos platos est√°n tremendas, creo que nos comimos una barra de pan untando. Los postres muy bonitos y originales, tarta de manzana, cremoso de chocolate blanco y flan de queso, este √∫ltimo el que m√°s nos gust√≥.",20,5,,,,,,,[''],2023-01-01,
27,"Ambiente muy bueno, sin ruidos y con un personal de 10. Fui a comer con mi pareja y nos trataron muy bien. La comida estaba buen√≠sima. Comimos unas croquetas, el pulpo, los raviolis, el arroz caldoso y el postre de chocolate. Todo recomendado al 100%. No subo las fotos del pulpo porque est√°n fatal hechas y las croquetas no hice foto.",33,5,Com√≠ all√≠,Comida,,5.0,5.0,5.0,[''],2023-01-01,
28,"He ido a comer hoy con mi mujer por primera vez..
Comida excelente y atenci√≥n maravillosa del personal....
No volveremos pronto... Sobre las marcha ya he reservado para ir a cenar hoy mismo con toda familia porque nos hemos quedado con ganas de probar m√°s cosas...
Muy bueno!",13,5,,,20-30 ‚Ç¨,5.0,5.0,5.0,['Panceta Asada Mojo Rojo Y Chimichurri Casero Picante'],2024-06-01,30
29,"Lugar reducido, pero con mucha calidad de materia prima. Sobre 30 comensales. Platos elaborados digno de un  restaurante de alto nivel. Mucho potencial por su calidad. Servicio muy r√°pido y se nota que est√°n entrenados para dar a basto a m√°s de dos servicios por mesa sin bajar su calidad. Los postres de cual m√°s bueno. Volveremos.",47,5,,,,,,,[''],2020-01-01,
