review_id,review,date,sentiment_category,matched_negative_terms
1,"La hamburguesa de pollo frito estaba muy rica (no me acuerdo de su nombre en la carta) y las patatas que la acompa√±aban tambi√©n estaban muy buenas. El s√°ndwich club estaba un poco seco, pero estaba rico.

Pedimos las berenjenas fritas y estaban muy buenas. El servicio fue muy amable y el local estaba bien, aunque ten√≠a m√∫sica de fondo. No estaba especialmente alta, pero se escuchaba, lo que podr√≠a no gustar a todos. Tienen alg√∫n plato ‚Äúcurioso‚Äù como las albondigas que no tienen mucho de especial. Hay opci√≥n de terraza que se agradece. En general muy bien, no es la primera vez que vengo y volver√©!",2024-08-01,Positive,"['poder', 'vez', 'pedir']"
3,"Solo tomamos un verm√∫t y una cerveza. El bar mola, cafeter√≠a sacada de otra √©poca.  Del estilo Nebraska. Ambiente agradable. El personal atento, buen trato. Vimos pasar hamburguesas con muy buena pinta‚Ä¶ volveremos para probarlas.",2024-05-01,Positive,['ver']
7,"Edito la rese√±a anterior, porque he ido m√°s veces y me ha gustado, pero 9‚Ç¨ por un desayuno con esa cantidad rid√≠cula (ver las fotos), y 6‚Ç¨ por un smoothie, me parece ya pasarse. Si hubiesen sido s√∫per agradables pondr√≠a una mejor valoraci√≥n, pero ni eso.
Creo que hay sitios mejores, no merece la pena.",2024-09-09,Negative,"['si', 'vez', 'ver']"
10,"Era la primera vez que √≠bamos y nos encant√≥ TODO.
Tanto el local, que tiene un encanto especial, como la comida, que estaba deliciosa, y el personal, s√∫per atento en todo momento, pero sobre todo Adri√°n que fue quien nos atendi√≥.
Volveremos para probar el resto de la carta.
Enhorabuena!",2023-11-01,Positive,['vez']
14,"Mayo, 2024.-
Nah, muy bien, como siempre. No me canso de ir siempre que me apetece una hamburguesa o un buen s√°ndwich. Adem√°s, ahora se est√° genial en la terraza y los camareros siguen siendo de lo m√°s majo que hay en la zona... ü§ó

Las hamburguesas est√°n buen√≠simas y los postres son caseros. La m√∫sica de ambiente es maravillosa.
Recomendaci√≥n: Cheeseburguer (pero con el queso normal en vez de en teja)",2024-05-01,Positive,['vez']
16,"El lugar est√° ambientado tanto para ir con la pareja, los amigos o la familia, la m√∫sica buena y la comida tiene un sabor original y propio. La hamburguesa italiana altamemte recomendable y la tarta de lim√≥n est√° que se sale. Encima la atenci√≥n al p√∫blico que he visto es de 10, en nuestro caso nos atendi√≥ Fernanda y adem√°s de atenta supo recomendarnos. Muy contentos con el sitio",2024-08-01,Positive,['ver']
18,"Entramos con el local practicamente vacio.
Seg√∫n nos sentamos a mirar la carta ya teniamos encima a la camarera, con cara de pocos amigos, preguntando ""que vamos a tomar""
Viene al rato. Molesta si le preguntamos sobre la carta. Toma nota a mi acompa√±ante y pregunta ""si solo va a ser eso"" Nos levantamos y nos fuimos.
No pretendo que me den un servicio especial. Pero para que te traten como si molestaras, prefiero irme a otro sitio. Nadie tiene la culpa de que la camarera tenga un mal d√≠a u odie su trabajo",,Negative,['si']
19,"Ten√≠a cierta reticencia a entrar, ya que es una cafeter√≠a de los a√±os 60-70 que sigue igual que entonces, pero con camareros mas j√≥venes, amables y guapos, que los que hab√≠a por aquel entonces.
Una vez dentro, he comprobado que efectivamente conserva aquel ambiente en la decoraci√≥n y mobiliario. El publico, era de familias  y gente joven en general.
Se acab√≥ esa cafeter√≠a aburrida de las tardes con un caf√© compartido por parejitas, que ahorraban para comprarse el pisito y los muebles, matrimonios mayores del barrio y se√±oras amas de casa que alternaban por las tardes con vecinas o amigas y consum√≠an manzanilla, caf√©s y chocolate con churros.

La comida, abundante, y las hamburguesas eran contundentes y bien preparadas. Aunque la carne se puede mejorar.

Me ha vuelto al pasado estar all√≠ hoy,  y que curioso, me he sentido c√≥moda, como en casa.",2023-11-01,Neutral,"['poder', 'vez']"
20,"Siguiendo recomendaciones decid√≠ visitar hoy Domingo el lugar.
Lo recomiendo 100%.

‚Ä¢Burrata con puerros
‚Ä¢Hamburguesa italiana (con mozzarella rebozada)
‚Ä¢Aperol Spritz y Pisco Sour preparados por Miguel.

No pudimos hacer mejor mezcla. Todo espectacular.

Atenci√≥n de 10 por parte del equipo, Luis y Brenda  amables, eficientes y muy profesionales.",2024-01-01,Positive,['poder']
25,"Cafeter√≠a emblem√°tica madrile√±a abierta por los Hermanos D√≠ez en 1962. Cerr√≥ y se la qued√≥ el Grupo La Musa, manteniendo su aire a√±os 70 y su carta de cafeter√≠a tradicional. Ya hab√≠a ido en otras ocasiones. Entonces pedimos croquetas y las hamburguesas con pan de cerveza, estupendas.
Ahora (diciembre 2022) cenamos burger üçî italiana con mozzarella empanada, carne deliciosa y tomates üçÖ asados con mayo de trufa. Tambi√©n un buen√≠simo s√°ndwich ü•™ Club con su bacon ü•ì, pollo, lechuga ü•¨‚Ä¶
Y un s√°ndwich ü•™ de pollo empanado con queso muy original al estar sobre pan blanco sin tostar. Muy amable el servicio y √°gil.
Precio: 44‚Ç¨ con bebida, tres personas.",2024-04-01,Positive,['pedir']
29,"WoW! Este establecimiento es de los m√°s especiales de todo Madrid!!! Debe su nombre a los propietarios fundadores Hermanos D√≠ez (HD)

Situado en la calle de Guzm√°n el Bueno en el barrio de Arg√ºelles, pertenece al grupo ""La Musa"": Limbo, Ojal√°, Run Run Run, La Musa (casi nada, es un grupo muy potente), pero este es especial. Es especial porque han conservado un bar cl√°sico fundado en 1962 con la decoraci√≥n de la √©poca (suelos, madera, la barra, paredes y hasta una tele echando pel√≠culas antiguas, ..., parece todo salido de Cu√©ntame), pero vitaminado, m√°s bien con esteroides, anabolizantes, ...

Con una sola rese√±a no es suficiente, el pincho de tortilla magn√≠fico (8,5/10), pero es que deben poner una de las mejores hamburguesas (gourmet) de todo Madrid, desayunos de tipo americano, tortitas, gofres, postres, men√∫ del d√≠a, etc ...

Si te puedes sentar en el sill√≥n como yo delante de los antiguos ventanales, observando el ajetreo del establecimiento, con los ventiladores de techo abanic√°ndote y escuchando la preciosa m√∫sica pop espa√±ola, es una experiencia muy recomendable! Me quedar√≠a aqu√≠ horas, ...",2023-01-01,Negative,"['poder', 'si']"
35,"Cafeter√≠a en la calle Gaztambide del grupo la musa.

He ido varias veces ya, y la peor fue la del men√∫ de medio d√≠a. Fuimos a las 15.10, y ya no le quedaba de nada en el men√∫. Solo una opci√≥n de cada plato, y por tanto tuvimos que pedir de carta.

Salvo por eso, la comida muy bien, de ah√≠ mis 4 y no 5 estrellas. La hamburguesa francesa con foie muy buena y la ensalada de burrata tambi√©n. La tarta de manzana fina, es un espect√°culo.

Otra cosa a tener en cuenta es lo peque√±o de las mesas y los espacios, que para comida comida, se hacen inc√≥modos.

Las meriendas muy bien.",2022-01-01,Positive,"['vez', 'pedir']"
36,"He ido al local varias veces pero esta vez fuimos solo a tomar el postre. Como siempre estaba lleno, la comida tiene buena calidad y es abundante. Recomendada la tarta de manzana con helado, el pie de lim√≥n quiz√° un poco m√°s √°cido pero muy bueno tambi√©n.
Volveremos la pr√≥xima a comer sus hamburguesas y s√°ndwiches.",2023-01-01,Positive,['vez']
37,"El futuro de bares, restaurantes, cafeter√≠as y establecimientos del ramo solamente permite dos posibilidades. Una de ellas es el cierre en el caso de no conseguir una abundante y habitual clientela. Si, por el contrario, el negocio se hace popular y los parroquianos acuden en masa, entonces la calidad del servicio empeora y el ambiente se deteriora, el condumio pierde calidad y las instalaciones precisan renovaciones, que a menudo afean el local o, al menos, rebajan sus encantos. Es la ley de la entrop√≠a hostelera, casi tan inexorable como la de la termodin√°mica. Esta cafeter√≠a ha pasado a encontrarse plenamente en esta segunda situaci√≥n. La √∫ltima vez que entr√© en ella para tomarme un caf√© bien podr√≠a ser la √∫ltima. Tardaron lo suyo en percatarse de que yo no era una columna o un mueble. Finalmente, me adjudicaron una de las varias mesas libres y me prohibieron ocupar otras. Debo proclamar que en este establecimiento hostelero han batido el r√©cord de cercan√≠a entre mesas: menos de 25 cm de separaci√≥n entre la m√≠a y cualquiera de las dos contiguas. Excepto en el metro, nunca hab√≠a estado tan cerca de gente que no conoc√≠a. Si por lo menos los camareros nos hubieran presentado, habr√≠a sido menos embarazoso. Yo es que soy t√≠mido y poco propenso al cotilleo al que puede dar pie o√≠r n√≠tidamente las conversaciones ajenas. Pasaron unos diez minutos hasta que tuve delante una simple taza de caf√©. A todo esto, el estr√©pito que produc√≠an las numerosas cuchipandas que me rodeaban, obligaba a toda la concurrencia a levantar continuamente un poquito m√°s la voz, deduzco que para hacer posible el di√°logo. Por all√≠ pululaban lo menos media docena de camareros, que a m√≠ me hicieron poco caso, lo cual es comprensible por diversas razones, pero uno no termina de resignarse a la invisibilidad. La polifon√≠a estridente de voces humanas se completaba con los sonidos del bajo de los temas musicales que deb√≠an estar sonando simult√°neamente. Un olor penetrante a humedad de bodega era parte insoslayable de la experiencia sensorial. Seg√∫n se incorporaban nuevos grupos de alegres consumidores, la algarab√≠a se cargaba de decibelios y se me hac√≠a tarea ardua no s√≥lo la lectura, sino incluso el pensamiento. Acab√© con el caf√© en tres sorbos y escap√© de aquel estruendoso tugurio que una vez fue lugar ameno de sonidos rumorosos, al que dediqu√© una rese√±a encomi√°stica. Maldita termodin√°mica social.",2023-01-01,Negative,"['poder', 'si', 'vez']"
43,"Hamburguesas ricas y bien elaboradas, servicio bueno, decoraci√≥n my acertada, precio correcto!! No te olvides que tambi√©n puedes desayunar y esta todo rico.",2024-08-01,Positive,['poder']
45,"Acud√≠ para desayunar y todo fue bien. La comida estaba muy buena, cantidades aceptables, calidad de los alimentos buena y una correcta variedad de platos que pedir, con posibilidad incluso de desayuno tipo brunch.
El precio est√°ndar y la atenci√≥n por parte de los camareros fue buena, r√°pidos y simp√°ticos.
Recomiendo reservar ya que por poco nos quedamos sin mesa",2021-01-01,Positive,['pedir']
47,"El peor desayuno que tuve durante mis 3 d√≠as en Madrid.  Pedimos unos huevos revueltos y nos trajeron huevos secos y muy salados (muy diferentes a los huevos que veo en las fotos del Caf√© en Google y a los huevos revueltos que he probado en otros caf√©s de Madrid).  Se olvidaron de darnos los cubiertos (los tuve que pedir) y tampoco trajeron la mantequilla y la mermelada que vienen incluidas con el pan que compramos.  Mi pan sin gluten vino servido en una bolsa de pl√°stico.  Los churros eran lo √∫nico bueno.  Al final, nos cobraron una cantidad superior a la esperada en el men√∫ y tuve que pedir la correcci√≥n (3 euros de diferencia).",2023-01-01,Negative,"['pedir', 'ver']"
48,"Actualmente si quer√©is terraza ten√©is que reservar desde la web. Pro lo dem√°s un sitio perfecto para probar cualquiera de sus hamburguesas (vienen sin patatas!!) y entrantes. Nosotros pedimos un par de dobles de cerveza, aros de cebolla para compartir, u√±a chessburger acompa√±ada de patatas y un caf√©. Salimos a 25 euros por cabeza, ni caro ni barato. Muy recomendable",2020-01-01,Positive,"['si', 'pedir']"
50,"Primera vez que me como una hamburguesa de verdad, Carlos muy majo.",2024-09-02,Negative,['vez']
52,"Sencillamente GENIAL.
Comida de 10 y servicio de 11. Uno de los mejores sitios (si no el mejor) para comer una hamburguesa espectacular en Madrid. Carta muy variada y original para no quedarte con hambre. Cuentan tambi√©n con una selecci√≥n de destilados ampl√≠sima y una carta de c√≥cteles cl√°sicos muy prometedora. Recomendable 1000% para cualquier tipo de p√∫blico.",2018-01-01,Positive,['si']
54,"Hacia medio a√±o que no √≠bamos y fuimos ayer a cenar. Vimos que hab√≠a cambiado la carta. Han quitado opciones de comida internacional y han bajado mucho la calidad. Tomamos un tataki de at√∫n muy escaso de acompa√±amiento y el pescado no parec√≠a fresco. Tambi√©n yuca que la hemos tomado muchas veces acompa√±ando la hamburguesa pero esta vez estaba tiesa, parec√≠an palos de madera frita. La salsa no muy fresca. Para nosotros ha perdido much√≠simo",2024-07-01,Negative,"['vez', 'ver']"
56,"Sitio muy agradable,  ambientado a lo retro y con mucho gusto. La comida estaba muy rica y ped√≠ una limonada natural que fue todo un acierto.",2024-08-01,Positive,['pedir']
57,"Cafeter√≠a t√≠pica de los a√±os 70, con la decoraci√≥n de la √©poca. Nos lo hab√≠an recomendado como las mejores hamburguesas de Madrid y desde luego que estaban incre√≠bles. Pedimos la Eggburguer y ven√≠a con el queso gratinado, una maravilla para los sentidos. De las mejores hamburguesas que hemos probado, sin duda! As√≠ que volveremos.",2023-11-01,Positive,['pedir']
61,"Lugar agradable, carta algo justa pero que cumple con todos los gustos. Buena hamburguesa, el s√°ndwich que pedimos nada especial, pero bueno.
La atenci√≥n de las camareras muy buena.
En general muy bien, de repetir.",2019-01-01,Positive,['pedir']
63,"Actualizo rese√±a porque he tenido una mala experiencia con el desayuno.

He visto c√≥mo se manipulaban las porras con las manos a la vez que limpiaba la cocina y se tocaba la cara.

Una l√°stima que haya tenido que verlo porque me he tenido que ir sin desayunar.

Ya no puedo fiarme de lo que sirven aqu√≠.",2024-05-01,Negative,"['poder', 'vez', 'ver']"
68,"Buen local donde ser sirve comida hasta tarde. Tienen una variada carta de hamburguesas, bastante buenas en general. Todas las veces que he ido me han atendido muy bien, por lo que se ha convertido en una opci√≥n de referencia cuando estoy por la zona.",2022-01-01,Positive,['vez']
69,"Brunch sueco
Pedimos este brunch. Las fotos del men√∫ en Google estan mal: el precio ha subido, suponemos que por la crisis (14‚Ç¨/brunch).
De bebidas fr√≠as se pueden elegir refrescos, zumo o t√© helado, lo cual nos decepcion√≥ un poco pues quer√≠amos pedir smoothie de frutas o batido.
Por ello ponemos 4 estrellas en vez de 5: el precio y la bebida.
Por lo dem√°s muy bueno, ponen el bagel muy relleno, con mucho salm√≥n ahumado lo cual no ocurre en todos sitios. Merece la pena y es muy completito.",2023-01-01,Negative,"['poder', 'vez', 'pedir']"
70,"Sitio m√≠tico del barrio, con una ambientaci√≥n cl√°sica a√±os 50-60 que sale en muchas series y anuncios que vienen aqu√≠ a rodar de vez en cuando. Su especialidad es la hamburguesa, cuya calidad ha ido variando a lo largo del tiempo. Antes era top 3 de hamburgueser√≠as de Madrid, ahora ha desmejorado un poco (u otros locales han igualado el nivel). Igualmente, merece la pena pasarse a ver el local y tomarse, aunque sea, un caf√©.",2024-03-01,Positive,"['vez', 'ver']"
72,"RECOMENDABLE!
Local vintage, con buena comida y buenos precios. Fui a tomar un brunch, super completo por un precio muy econ√≥mico.
La atenci√≥n es estupenda y aunque en las reservas te indican que solo puedes estar m√°ximo 1h30, si el local est√° vac√≠o no te ponen ning√∫n inconveniente",2021-01-01,Positive,"['poder', 'si']"
73,"Carta sencilla: s√°ndwiches, hamburguesas, ensaladas... No es del otro mundo pero en conjunto est√° bien porque adem√°s la m√∫sica y la decoraci√≥n molan mucho . nosotros pedimos el s√°ndwich Club y el plato vegetariano. Ambos estaban buenos aunque me quedar√≠a con el plato vegetariano. Cantidad suficiente para quedar satisfecho. Camareros amables",2021-01-01,Positive,['pedir']
75,"Con todo el dolor de mi coraz√≥n debo suspender este sitio.
Con el aspecto del t√≠pico bar de Madrid (quiz√° algo m√°s fino), y con unas hamburguesas realmente buenas te encuentras otros platos insuficientes.
El poke es escaso por 12 euros y el cilantro (que no se indica) es desproporcionado.
Las gyozas... mejor no entrar en detalles...
La cerveza de la casa muy rica pero cara (m√°s de 4 euros un tercio no merece la pena). Insisto que no es un restaurante de etiqueta, es un bar.
Y finalmente una crema de lim√≥n que sab√≠a a una mezcla entre queso y crema estropeada. Ni rastro de lim√≥n ni de texturas cremosas, totalmente un desacierto. Incomible. No quiero ser grosero pero el aspecto habla por si solo.",2021-01-01,Negative,['si']
77,"Restaurante de estilo vintage, han dejado el local como hace medio siglo.
Tienen 2 turnos para cenar el s√°bado (mejor reservar).
Tienen una gran cantidad de cervezas de muchos estilos distintos, y la carta de la cena es bastante amplia. Yo me ped√≠ una hamburguesa de 180 grs, que seguramente lo tendr√° antes de cocinar; pq despu√©s se queda en poco (estaba muy rica!!!!!).
El postre una tarta de manzana con helado mascarpone (brutal).",2020-01-01,Negative,['pedir']
81,"Yadiel, un encanto. Una maravilla y ha tratado muy bien a mi perrito en plena ola de calor le ha tra√≠do ag√ºita dos veces sin tener que pedirlo. Volveremos.",2024-09-02,Positive,"['vez', 'pedir']"
84,"Fue una experiencia incre√≠ble, nos encontramos este sitio por casualidad y no podr√≠amos haber elegido uno mejor. El trato de Yadiel fue incre√≠ble, volveremos sin duda",2024-09-02,Positive,['poder']
85,"Hamburgueseria con encanto en pleno barrio.
Para reservar terraza ahora es necesario hacerlo v√≠a web.
El trato por parte de todos los trabajadores siempre es de 10.
La relaci√≥n calidad/precio es correcta; las hamburguesas normales vienen sin patatas (algo a tener en cuenta); pero las world si que las traen incluidas (que por cierto, las patatas est√°n buen√≠simas).
La carta de cervezas tambi√©n es muy amplia.
Os dejo foto de la hamburguesa gallega (buey, lac√≥n, queso san Sim√≥n, ajada, pimientos de Padr√≥n y, en mi caso, sin can√≥nigos pero con huevo) BRUTAL.",2021-01-01,Positive,['si']
86,"He ido varias veces a comer y a cenar y las hamburguesas est√°n muy ricas, el trato es muy bueno y cercano. En esta √∫ltima ocasi√≥n nos atendi√≥ Jihan y estuvimos comod√≠simos, muy atenta y educada.",2024-05-01,Positive,['vez']
94,"Iba con optimismo ya que tengo aprecio a este sitio, pese a que las √∫ltimas veces que he ido y he llevado a gente, la comida no ha estado nada bien; como por ejemplo un gofre carbonizado que intentaron colarme del rev√©s para no darme cuenta o no acordarse de a√±adir al plato ciertos ingredientes, que luego s√≠ se acordaban de a√±adir a la cuenta‚Ä¶ Pero por lo que veo, no mejora la cosa‚Ä¶

Francamente decepcionante el brunch de este sitio. A parte de haber subido de precio, antes costaba menos de 10‚Ç¨ y ahora 12,50‚Ç¨, las cantidades son realmente escasas para lo que se paga. Cuando nos han tra√≠do el plato, como pod√©is observar con un mont√≥n de espacio, demasiado grande para la cantidad de comida que hay‚Ä¶ y con esas tortitas de un tama√±o tan peque√±o que parec√≠a que nos estaban tomando el pelo‚Ä¶ pues nos hemos llevado una decepci√≥n enorme. Viendo fotos del brunch en otras rese√±as, claramente las tortitas eran m√°s grandes y contundentes que las que nos pusieron a nosotros, por lo que me imagino que se deber√≠a de acabar la masa, o simplemente nos pusieron malamente unas descongeladas o industriales del supermercado‚Ä¶ Sea como sea, eran las 12:00h del mediod√≠a, t√≠pica hora para hacer un brunch‚Ä¶ por lo que la excusa de que quiz√° no quedaban ingredientes no es v√°lida.

De sabor como tal est√° bueno, sobre todo los tomates asados (o mejor dicho, la porci√≥n de tomate, singular), y la tacita de caf√© y el zumo que acompa√±a al brunch, aunque tampoco vienen en demasiada cantidad. Por cierto, la taza grande que sale en la foto es una taza de leche que pedimos con Cola-Cao, no es caf√©.

Este brunch te lo haces en casa por 5 o 6‚Ç¨. Literalmente.

Claramente no volver√©!",2022-01-01,Negative,"['poder', 'vez', 'pedir', 'ver']"
95,"Es un buen sitio con buen ambiente y los trabajadores son muy agradables.
Por lo que vimos, la gente viene por sus hamburguesas y gofres. Las hamburguesas est√°n muy buenas, sin embargo los gofres ten√≠an muy buena pinta pero sab√≠an a s√°ndwich total y no ha sido muy agradable para nosotros.
Otra cosa que no nos ha gustado ha sido que pedimos expresamente una mesa y al llegar estaba ocupada. Entendimos que estuviese ocupada por otra persona y pedimos otra mesa que nos pareci√≥ algo m√°s c√≥moda que en la que nos hab√≠an sentado, sin embargo nos dijeron que no nos podr√≠an sentar all√≠ porque la hab√≠a reservado alguien. Despu√©s la que hab√≠amos reservado se qued√≥ libre, pero nos dijeron que no podr√≠amos sentar all√≠ porque vendr√≠a m√°s gente que hab√≠a reservado, en toda nuestra comida no vimos aparecer a la gente de la segunda mesa y nos ha parecido que no se ha tenido en consideraci√≥n nuestra situaci√≥n.
A pesar de todo, no salimos con mala experiencia por el trato cordial y las hamburguesas, por ello pongo 3 estrellas.",2022-01-01,Positive,"['poder', 'pedir', 'ver']"
96,"Una de las mejores burgers de Madrid. Buen ambiente, buena m√∫sica de fondo y una carne espectacular. Volver√© sin duda, me he quedado con ganas de probar m√°s tipos de burgers. Le pongo 4 de 5 estrellas porque el servicio fue muy lento, aunque volver√© para comprobar si ha sido algo puntual y modificar mi rating.",2017-01-01,Positive,['si']
98,"Tengo q recomendar este sitio, hemos estado mis amigas y yo tomando y picando algo de comer, tanto calidad como servicio un 12, adem√°s el camarero Yadiel nos ha tratado como si estuvi√©ramos en casa, muy recomendable.",2024-07-01,Positive,['si']
100,"Un maravilloso ambiente. Seguido de una amable oferta del camarero para ver si quer√≠amos patatas, batatas o aros de cebolla acompa√±ando a la hamburguesa que hab√≠amos pedido. Acompa√±amiento por el que nos cobrar√≠an sin avisar 2.60‚Ç¨ y 4‚Ç¨. Tened cuidado con esa cosas aqu√≠.",2018-01-01,Positive,"['si', 'pedir', 'ver']"
103,"Hac√≠a mucho que no iba, y todo sigue con la misma calidad y ganas de hacerlo bien.
El restaurante muy cuidado con un ambiente muy acogedor. Un sitio al que hay que ir.
Si ademas tienes la suerte de que tu camarera sea Brenda, no podr√°s estar mejor atendido.",2024-03-01,Neutral,['si']
106,"Lo conocimos porque es del grupo de restaurantes ""la Musa"". Las hamburguesas est√°n muy ricas y son bastante grandes. Tambi√©n muy buenos los aros de cebolla y los postres. Para los amantes del verm√∫, lo tienen de varios sabores y es bastante artesanal.
Los camareros muy amables.
Buen ambiente.
Es un sitio un poco estrecho si vas un grupo grande, por ponerle alg√∫n ""pero"".
Volveremos.",2024-01-01,Positive,['si']
107,"Estupenda cafeter√≠a con aire retro, y enorme terraza, atendida de forma excepcional y con una de gran variedad de desayunos desde el t√≠pico caf√© con porras hasta un desayuno americano. Si vuelvo a Madrid y me alojo de nuevo cerca, sin duda, volver√©.",2023-01-01,Positive,['si']
109,"El lugar se encuentra ubicado en una calle c√©ntrica, fuimos una amiga y yo, por la recomendaci√≥n de un familiar. El precio de las hamburguesas es accesible y el tama√±o de estas te deja lleno y satisfecho. Dependiendo del tipo de hamburguesa puede o no tener patatas. En mi caso, ordene una Cheeseburguer y una raci√≥n de patatas y quede satisfecha.",2021-01-01,Positive,['poder']
111,"Pedimos un men√∫ del d√≠a, y las raciones fueron rid√≠culamente peque√±as. En otras ocasiones al pedir de carta, buenas raciones y calidad del producto. Pero el men√∫ muy mejorable.",2024-05-01,Neutral,['pedir']
116,"No puedo bajar la valoraci√≥n por su comida porque todo est√° magn√≠fico, desde sus hamburguesas, hasta su tartar de at√∫n o su risotto. Aconsejo probar tanto como desayuno o merienda o tanto como postre su tarta de zanahoria, es exquisita! Cada vez que puedo voy.",2022-01-01,Negative,"['poder', 'vez']"
117,"UN LOCAL CON AIRE OCHENTERO DONDE EL SERVICIO, LA CALIDAD Y VARIEDAD DE SUS PLATOS TE HACEN TRANSPORTARTE A LOS 70/80
LA DECORACI√ìN DEL LUGAR ES UNO DE LOS PUNTOS CLAVES PARA LOGRAR UNA ATM√ìSFERA ACOGEDORA
DESAYUNOS VARIADOS CON PAN DE TODAS LAS VARIEDADES Y LA OFERTA DE SUS S√ÅNDWICHES, BURGERS ETC NO TIENE NADA QUE ENVIDIAR A SU MEN√ö DIARIO

VOLVER√â MUCHAS M√ÅS VECES
100% RECOMENDABLE",2019-01-01,Positive,['vez']
119,"La calidad de los platos es buena, la atenci√≥n puede mejorar",2023-01-01,Positive,['poder']
120,"Me sent√© en la barra que mira frente a la calle. Un asiento de primera fila para ver pasar Madrid. Dos ni√±as de cinco a√±os devoraban un hot dog con gran maestr√≠a y a una sola mano.

No pude evitar pedir uno.

Cuando lleg√≥ me hizo sentir peque√±o. Intent√© atajarlo a mordidas, pero cuidado, la salchicha se resbala. Recurr√≠ a los cubiertos, pero ojo que tambi√©n resbala.

Termin√© matando al perrito con todos los recursos disponibles. Las manos llenas de queso cheddar, restos de cebolla caramelizada en las u√±as y catsup en la nariz.

Me sent√≠ como un ni√±o de cinco a√±os.",2021-01-01,Negative,"['poder', 'pedir', 'ver']"
122,"Local Craft , cocina Excelente. Hamburguesas de las mejores de Madrid,  +400 primeras marcas de bebidas y cocteler√≠a , ginebras artesanales, destilados a mano. No puedes perd√©rtelo, terraza de copeo... ambiente concurrido y buena m√∫sica ...",2019-01-01,Positive,['poder']
123,"Un sitio muy agradable ya sea para tomar algo, cenar o merendar.
Todas las veces que hemos ido el trato ha sido agradable y la comida muy buena.
Seguiremos viniendo!",2022-01-01,Positive,['vez']
124,Hamburguesas muy elaboradas le doy un 8 a la hamburguesa. Tardaron un poco en servir por eso le doy 4 puntos. Si te gustan las hamburguesas debes visitarlo.,2020-01-01,Negative,['si']
128,"Local de est√©tica antigua, con una carta amplia en la que te puedes encontrar raciones, ensaladas, hamburguesas, ... Recomiendo la Burger, grande y con producto de calidad.
Los camareros son correctos, y el servicio r√°pido.
Se puede ir sin reserva, el local es bastante grande, y suele haber alguna mesita. La terraza tambi√©n es bastante amplia.",2020-01-01,Neutral,['poder']
131,"Llegar sin reserva (√©ramos 2) un viernes a cenar es una locura, pero Adri√°n no s√≥lo se preocup√≥ de encontrarnos mesa, sino que estuvo pendiente en todo momento de nosotros y hasta me rega√±√≥ (en plan bien, Adri√°n rega√±a bonito) por no terminar mi hamburguesa. Hac√≠a a√±os que no ven√≠a y cada vez es mejor. Enhorabuena.",2023-11-01,Negative,['vez']
140,"Llevo a√±os pidiendo la famosa egg-burger.
Incre√≠ble el sabor de la carne.
El queso tostado al horno y el huevo potencian el sabor de la ternera.
Insisto: incre√≠ble el sabor de la carne.
No es barata, no es cara. Pero est√° tan buena que vale la pena el precio.
El sitio es genial, es una cafeter√≠a de hace 50 a√±os bien conservada.
La pega que le pongo es que las mesas son muuuuy peque√±as y justas de tama√±o.",2024-01-01,Positive,['pedir']
142,"Hamburguesa muy buena, quiz√°s el pan un poco fr√≠o lo podr√≠an calentar un poco. Y el gofre muy muy rico, se nota que es casero.
Los precios un poco ajustados.",2018-01-01,Positive,['poder']
145,"Me encanta este local, la comida est√° muy buena, en especial las hamburguesas.
La atenci√≥n del personal es buen√≠sima, son realmente majos y muy agradables!

Muy recomendable visitarlo, aparte que el sitio en si es bastante acogedor y merece la pena verlo!",2019-01-01,Positive,"['si', 'ver']"
148,"Calidad precio muy bien,y la atenci√≥n bastante buena volver√≠a otra vez.",2024-08-01,Positive,['vez']
149,"Le pongo un 4 porque lo √∫nico que le falla a este sitio es la lentitud del servicio a pesar de que son siempre varios camareros. Ha pasado desde que lo conozco hace mil a√±os, pero por fin hoy me he animado a comentar a ver si se pudiera mejorar un poco el tiempo de espera hasta que te atienden. Tanto para tomar nota como para pedir cuenta.
Por lo dem√°s la comida est√° buen√≠sima y unos precios muy asequibles dada su calidad. El local ha mantenido su antigua est√©tica de cuando estaban los Hermanos Diez y se est√° muy a gusto.",2023-01-01,Negative,"['poder', 'si', 'pedir', 'ver']"
152,"En nuestra #RutaDelGofre visitamos este m√≠tico lugar de Madrid. Aqu√≠ nos encontramos con un gofre de estilo americano, es decir, circular, crocante y de tama√±o m√°s que generoso. Nosotros lo acompa√±amos con una bola de helado de vainilla, aunque tambi√©n puedes pedirte el Gofre HD, que viene en la parte de postres con varios toppings. De sabor dulce y textura crocante pero algo seco para nuestro gusto, eso s√≠, la bola de helado ayuda a equilibrarlo y hac√≠a que cada bocado fuera una fiesta.",2017-01-01,Positive,"['poder', 'pedir']"
154,"Fuimos 4 adultos y 3 ni√±os peque√±os. El men√∫ me ha sorprendido gratamente:

- Las hamburguesas tienen una calidad brutal, la carne se nota que es de mucha calidad.
- Pedimos unas patatas bravas y la salsa es la aut√©ntica, hecha de forma casera.
- Tambi√©n me gusto que tuviesen Lagunitas IPA de barril, es una de mis favoritas.

A destacar tambien la amabilidad y paciencia del personal. Repetir√© seguro.",2023-11-01,Positive,['pedir']
157,De esos sitios que tienen malas maneras los empleados. Caro y con las nueve bebidas que pedimos pusieron 6 aceitunas. Pro sobre todo las malas formas de los camareros. Les merece la pena recibir estas cr√≠ticas??,2024-02-01,Negative,['pedir']
165,"Un cl√°sico en Madrid, en el que retrocedes a los 60, donde te puedes tomar una buena hamburguesa y acabar con un gintonic. Servicio amable. Mejor reservar para poder sentarse.",2018-01-01,Negative,['poder']
168,"excelente sitio, muy agradable, con ricas hamburguesas y  buenos desayunos,  pero la m√∫sica ambiental de dentro podr√≠a estar mucho mejor.  Es demasiado estridente y ruidosa, creo que seria mejor una m√∫sica ambiental a un volumen normal.  Se dificulta la comunicaci√≥n mucho.  Creo que seria una mejora a implementar",2023-11-01,Positive,['poder']
170,El local esta bastante bien. Aunque √∫ltimamente los platos est√°n un poco preparados a la carrera. Otras veces has estado mejor.,2018-01-01,Positive,['vez']
173,"Un lugar fant√°stico para desayunar, aunque tal vez tengas que madrugar un poco m√°s para que la tortilla est√© en su punto.",2024-03-01,Positive,['vez']
174,Sitio brutal para comer hamburguesas. El pan de las hamburguesas es un lujo. Los aros de cebolla est√°n perfectos. Los postres tambi√©n est√°n muy bueno. El trato siempre es perfecto las veces que hemos ido. Muy recomendable para degustar hamburguesas en Madrid,2023-01-01,Positive,['vez']
175,"Recomiendo las hamburguesas y sandwiches, tambien ir a desayunar, pero no hay que salirse de esto. Estuvimos ayer cenando y la verdad, es que fue un tanto decepcionante la comida. Pedimos una ensalada de Burrata y puerros, y bueno, una burrata en el medio del plato y 5 trocitos de puerro muy bien colocados alrededor de 4 can√≥nigos...y luego un postre que se hacia llamar Lemon Pie, pero bastante malo, muy industrial, extra dulce y parec√≠a hecho desde hace d√≠as ya que el merengue parec√≠a chicle. Eso si, lo comentamos al camarero y recibi√≥ muy bienla cr√≠ticica y nos di√≥ las gracias. COmo siempre el servicio muy bueno.",2023-01-01,Negative,"['si', 'pedir']"
176,"No es por la estupenda carta de cafeter√≠a (pese a sus precios) ni por el entorno retromoderno y actual a la vez, ni por la m√∫sica atemporal que no estorba las conversaciones. Lo m√°s agradable de todo es el trato amable y atento de su personal.",2024-01-01,Positive,['vez']
180,"Sinceramente, he pasado por este lugar cientos de veces y siempre pens√© que era un buen lugar para parar a tomar una copa. Estaba MUY equivocado: ¬°la comida es divina!
Comimos el tataki de at√∫n y la ensalada buttata y compartimos papas fritas, y luego tambi√©n compartimos una tarta de lim√≥n.
¬°Todo fue absolutamente delicioso, cuidadosamente elaborado para ser agradable al paladar y a la vista! Mi √∫nica recomendaci√≥n ser√≠a servir los puerros calientes en lugar de fr√≠os (en la ensalada), ¬°pero todo estuvo perfecto!
Punto extra: la lista de ginebra es interminable. Ven aqu√≠ y prueba una ginebra nueva cada vez.
¬°Un saludo al personal que estaba muy ocupado y a√∫n as√≠ logr√≥ ser absolutamente encantador!",2024-03-01,Positive,"['vez', 'ver']"
186,√âste era un lugar decente. Lamentablemente nos sirvieron pan mohoso dos veces. Desayunamos y almorzamos all√≠. La comida no era muy saludable pero estaba deliciosa (excepto el pan mohoso).,2023-01-01,Neutral,['vez']
205,¬øBuscas las mejores hamburguesas de Madrid? ¬°No busques m√°s! Si vas a Cafeteria HD podr√°s disfrutar de algunas de las mejores experiencias de hamburguesas de la ciudad. Utilizan dos tipos de aceite para fre√≠r sus deliciosas patatas fritas y sus hamburguesas siempre se presentan entre los mejores panecillos. La carne es incre√≠ble y los precios son razonables. Se encuentra cerca de la estaci√≥n de Metro Islas Filipinas.,2013-01-01,Positive,['si']
207,"La Hamburguesa Nacional en la Catalana en el bar HD Hermanos D√≠az ....

seguro que se pondr√° de moda y todos los catalanes que visiten Madrid har√°n una visita Arg√ºelles para probar la

En ""la tierra"" hemos visto el acto de investidura, un show y la b√∫squeda en el Congreso de Diputadas y Diputados
En los medios de comunicaci√≥n hemos visto en PS dejar su esca√±o de diputado y

la entrevista que le hizo JE en El HD un bar del barrio de Arg√ºelles (el pr√≥ximo lugar donde los catalanes nos tomaremos una de sus reconocidas hamburguesas para recordar lo que qued√≥ patente ..... que Catalu√±a es una naci√≥n)

En las nubes queda la memoria y la podemos revivir cuando queramos, la podemos compartir y todos pueden cooperar m√°s desde cualquier sitio a cualquier hora
La Hamburguesa Nacional en la Catalana en el bar HD Hermanos D√≠az ....

seguro que se pondr√° de moda y todos los catalanes que visiten Madrid har√°n una visita a Arg√ºelles para probar la

En ""la tierra"" hemos visto el acto de investidura, un show y la cercada en el Congreso de Diputadas y Diputados
En los medios de comunicaci√≥n hemos visto a PS dejar su esca√±o de diputado y

la entrevista que le hizo JE en L'HD un bar del barrio de Arg√ºelles (el pr√≥ximo lugar donde los catalanes nos tomaremos una de sus reconocidas hamburguesas para recordar lo que qued√≥ patente ..... que Catalunya es una naci√≥n )

En las nubes queda la memoria y la podemos revivir cuando queramos, la podemos compartir y todo el mundo puede cooperar m√°s desde cualquier sitio a cualquier hora",2017-01-01,Negative,"['poder', 'ver']"
208,Hamburguesas deliciosas y patatas fritas caseras muy buenas. Personal amable y terraza. ¬øQu√© m√°s se puede pedir?,2018-01-01,Positive,"['poder', 'pedir']"
209,"¬°Ped√≠ un ""Desayuno Sueco"" y super√≥ mis expectativas! ¬°Desayuno incre√≠ble! (Si te gusta el Baguel de Salm√≥n)",2022-01-01,Negative,"['si', 'pedir']"
235,"Lugar especial y diferente a lo que puedes encontrar alrededor, muy lindo ambiente, digno de visitar.",2019-01-01,Positive,['poder']
249,¬°Bonito lugar! ¬°Estoy deseando volver otra vez!,2017-01-01,Positive,['vez']
